{
    "UI_volume": 0.7400000095367432,
    "language": "srpski",
    "master_volume": 0.7059999704360962
}